--INSERT
INSERT INTO universidad.jefes_departamento VALUES('0001200428JD','Jose Alberto','Espinosa Valenzuela','921-266-8770','pv@hotmail.com','$2a$10$kB297oWqlmrpZY7x8KOgt.l0nENDxjc1e.piw9/59PzAZskE2Q1n.'),('0002200428JD','Kenia','Hernandez Ruiz','922-425-8721','khr@hotmail.com','$2a$10$kB297oWqlmrpZY7x8KOgt.l0nENDxjc1e.piw9/59PzAZskE2Q1n.'),('0003200428JD','Monserrat','Esparza Rodriguez','922-254-4170','mer@hotmail.com','$2a$10$kB297oWqlmrpZY7x8KOgt.l0nENDxjc1e.piw9/59PzAZskE2Q1n.'),('0004200428JD','Alma','Bartolo Toral','922-461-8571','abt@hotmail.com','$2a$10$kB297oWqlmrpZY7x8KOgt.l0nENDxjc1e.piw9/59PzAZskE2Q1n.'),('0005200428JD','Wilber','Gabriel Delgado','922-416-1520','wgd@hotmail.com','$2a$10$kB297oWqlmrpZY7x8KOgt.l0nENDxjc1e.piw9/59PzAZskE2Q1n.'),('0006200428JD','Elisse','Arias Arizmendy','922-431-4170','eaa@hotmail.com','$2a$10$kB297oWqlmrpZY7x8KOgt.l0nENDxjc1e.piw9/59PzAZskE2Q1n.');

INSERT INTO universidad.secretarias VALUES('0001200428SE','Juan','Ibarra','921-266-8730','ji@hotmail.com','$2a$10$kB297oWqlmrpZY7x8KOgt.l0nENDxjc1e.piw9/59PzAZskE2Q1n.'),('0002200428SE','Aleydis','Gabriela','922-425-8732','ag@hotmail.com','$2a$10$kB297oWqlmrpZY7x8KOgt.l0nENDxjc1e.piw9/59PzAZskE2Q1n.'),('0003200428SE','David','Ramos','922-214-4170','dr@hotmail.com','$2a$10$kB297oWqlmrpZY7x8KOgt.l0nENDxjc1e.piw9/59PzAZskE2Q1n.'),('0004200428SE','Antonio','Gonzales','922-441-8511','ag@hotmail.com','$2a$10$kB297oWqlmrpZY7x8KOgt.l0nENDxjc1e.piw9/59PzAZskE2Q1n.'),('0005200428SE','Aldahir','Lara','922-116-1550','al@hotmail.com','$2a$10$kB297oWqlmrpZY7x8KOgt.l0nENDxjc1e.piw9/59PzAZskE2Q1n.'),('0006200428SE','Tomas','Torres','922-431-4110','tt@hotmail.com','$2a$10$kB297oWqlmrpZY7x8KOgt.l0nENDxjc1e.piw9/59PzAZskE2Q1n.');

INSERT INTO universidad.carreras VALUES('IIL','0002200428JD','0002200428SE','Ingenieria industrial',7),('ISC','0001200428JD','0001200428SE','Ingenieria en sistemas computacionales',9),('IMA','0003200428JD','0003200428SE','Ingenieria mecatronica',9),('LTO','0004200428JD','0004200428SE','Licenciatura en turismo',6),('LPA','0005200428JD','0005200428SE','Licenciatura en psicopedagogia',7),('LMA','0006200428JD','0006200428SE','Licenciatura en mercadotecnia',9); 

INSERT INTO universidad.alumnos VALUES ('0001200428ES','ISC','Ellie','Espinosa Hernandez','921-266-3450','eeh@hotmail.com','Kenia','Hernandez Ruiz','922-425-8721',1,'$2a$10$kB297oWqlmrpZY7x8KOgt.l0nENDxjc1e.piw9/59PzAZskE2Q1n.'),('0002200428ES','ISC','Felipe','Espinosa Hernandez','921-316-3450','feh@hotmail.com','Kenia','Hernandez Ruiz','922-425-8721',1,'$2a$10$kB297oWqlmrpZY7x8KOgt.l0nENDxjc1e.piw9/59PzAZskE2Q1n.');

INSERT INTO universidad.alumnos VALUES ('0001200428ES','ISC','Ellie','Espinosa Hernandez','921-266-3450','eeh@hotmail.com','Kenia','Hernandez Ruiz','922-425-8721',1,'$2a$10$kB297oWqlmrpZY7x8KOgt.l0nENDxjc1e.piw9/59PzAZskE2Q1n.'),('0002200428ES','ISC','Felipe','Espinosa Hernandez','921-316-3450','feh@hotmail.com','Kenia','Hernandez Ruiz','922-425-8721',1,'$2a$10$kB297oWqlmrpZY7x8KOgt.l0nENDxjc1e.piw9/59PzAZskE2Q1n.');

INSERT INTO universidad.alumnos VALUES 
('0001200525ES','ISC','Victor','Calderon','441-232-3210','vb@hotmail.com','Kenia','Hernandez Ruiz','922-425-8721',2,'$2a$10$kB297oWqlmrpZY7x8KOgt.l0nENDxjc1e.piw9/59PzAZskE2Q1n.'),
('0002200525ES','ISC','Juan','Guarnizo','121-316-3450','jg@hotmail.com','Kenia','Hernandez Ruiz','922-425-8721',3,'$2a$10$kB297oWqlmrpZY7x8KOgt.l0nENDxjc1e.piw9/59PzAZskE2Q1n.');



INSERT INTO universidad.docentes VALUES
('0001200428DO','Octavio','Garcia Gracia','922-366-3550','ogg@hotmail.com','$2a$10$kB297oWqlmrpZY7x8KOgt.l0nENDxjc1e.piw9/59PzAZskE2Q1n.'),
('0002200428DO','Arturo','Ivan Grajales','213-366-3550','aig@hotmail.com','$2a$10$kB297oWqlmrpZY7x8KOgt.l0nENDxjc1e.piw9/59PzAZskE2Q1n.'),
('0003200428DO','Felipe de jesus','Hernandez Ruiz','213-366-3550','fjhp@hotmail.com','$2a$10$kB297oWqlmrpZY7x8KOgt.l0nENDxjc1e.piw9/59PzAZskE2Q1n.'),
('0004200428DO','Isaias','Torrez Martinez','213-366-3550','istomar@hotmail.com','$2a$10$kB297oWqlmrpZY7x8KOgt.l0nENDxjc1e.piw9/59PzAZskE2Q1n.'),
('0005200428DO','Pablo Francisco','Torres Vivas','213-366-3550','pftv@hotmail.com','$2a$10$kB297oWqlmrpZY7x8KOgt.l0nENDxjc1e.piw9/59PzAZskE2Q1n.'),
('0006200428DO','Victor Alberto','Reyes Villaviscencio','213-366-3550','varv@hotmail.com','$2a$10$kB297oWqlmrpZY7x8KOgt.l0nENDxjc1e.piw9/59PzAZskE2Q1n.'),
('0007200428DO','Belinda','Pastrana Martinez','213-366-3550','bpm@hotmail.com','$2a$10$kB297oWqlmrpZY7x8KOgt.l0nENDxjc1e.piw9/59PzAZskE2Q1n.'),
('0008200428DO','Alberto','Romay Guillen','213-366-3550','arg@hotmail.com','$2a$10$kB297oWqlmrpZY7x8KOgt.l0nENDxjc1e.piw9/59PzAZskE2Q1n.');

INSERT INTO universidad.materias VALUES
('ISCA1','Calculo diferencial',5,1),
('ISCA2','Calculo integral',5,2),
('ISCB1','Fundamentos de programacion',5,1),
('ISCB2','Programacion orientada a objetos',5,2),
('ISCC1','Taller de etica',5,1),
('ISCC2','Contabilidad Financiera',5,2),
('ISCD1','Matematicas discretas',5,1),
('ISCD2','Quimica',5,2),
('ISCE1','Taller de administracion',5,1),
('ISCE2','Algebra lineal',5,2),
('ISCF1','Fundamentos de investigacion',5,1),
('ISCF2','Probabilidad y estadistica',5,2);

INSERT INTO universidad.kardex VALUES
(1,'0001200525ES','ISCA1',75,1,1),
(2,'0001200525ES','ISCB1',70,1,1),
(3,'0001200525ES','ISCC1',70,1,1),
(4,'0001200525ES','ISCD1',70,1,1),
(5,'0001200525ES','ISCE1',70,1,1),
(6,'0001200525ES','ISCF1',59,1,1),
(7,'0002200525ES','ISCA1',100,1,1),
(8,'0002200525ES','ISCB1',70,1,1),
(9,'0002200525ES','ISCC1',100,1,1),
(10,'0002200525ES','ISCD1',85,1,1),
(11,'0002200525ES','ISCE1',90,1,1),
(12,'0002200525ES','ISCF1',89,1,1),
(13,'0002200525ES','ISCA2',100,1,2),
(14,'0002200525ES','ISCB2',70,1,2),
(15,'0002200525ES','ISCC2',100,1,2),
(16,'0002200525ES','ISCD2',85,1,2),
(17,'0002200525ES','ISCE2',90,1,2),
(18,'0002200525ES','ISCF2',89,1,2);
